,"Real GDP gap, CBO","Real GDP gap, BOG model, 2-sided estimate","Twice unemployment rate gap, Survey of Professional Forecasters","Twice unemployment rate gap, FOMC SEP","Twice unemployment rate gap, CBO","U6 gap, consistent with CBO natural rate of unemployment","ZPOP gap, consistent with CBO natural rate of unemployment","Twice unemployment rate gap, BOG model, 2-sided estimate","Real GDP gap, BOG model, 1-sided estimate","Twice unemployment rate gap, BOG model, 1-sided estimate","Real GDP gap, CBO, real-time (1st GDP estimate)","Real GDP gap, CBO, real-time (2nd GDP estimate)","Real GDP gap, CBO, real-time (3rd GDP estimate)","Twice unemployment rate gap, real-time (1st unempl. estimate)","Twice unemployment rate gap, real-time (2nd unempl. estimate)","Twice unemployment rate gap, real-time (3rd unempl. estimate)","Twice unemployment rate gap, real-time (4th unempl. estimate)","Twice employment-population ratio gap, CBO",,,,,,,,,,,,,,,,,,,,,,,,,,,,,,,,
,CBOGDPgap,BoardModelGDPgap,U3gapSPF,U3gapFOMC,U3gapCBO,U6gapCBO,ZPopGapCBO,U3gapBoardModel,BoardModelGDPgap1side,U3gapBoardModel1side,CBOGDPgapRTest1,CBOGDPgapRTest2,CBOGDPgapRTest3,U3gapCBORTest1,U3gapCBORTest2,U3gapCBORTest3,U3gapCBORTest4,EPopGapCBO,,,,,,,,,,,,,,,,,,,,,,,,,,,,,,,,
2/15/1955,2.321454928,#N/A,#N/A,#N/A,1.293333333,#N/A,#N/A,#N/A,#N/A,#N/A,#N/A,#N/A,#N/A,#N/A,#N/A,#N/A,#N/A,-0.538660457,,,,,,,,,,,,,,,,,,,,,,,,,,,,,,,,
5/15/1955,3.315336798,#N/A,#N/A,#N/A,1.96,#N/A,#N/A,#N/A,#N/A,#N/A,#N/A,#N/A,#N/A,#N/A,#N/A,#N/A,#N/A,0.516239417,,,,,,,,,,,,,,,,,,,,,,,,,,,,,,,,
8/15/1955,4.050317688,#N/A,#N/A,#N/A,2.58,#N/A,#N/A,#N/A,#N/A,#N/A,#N/A,#N/A,#N/A,#N/A,#N/A,#N/A,#N/A,2.117454061,,,,,,,,,,,,,,,,,,,,,,,,,,,,,,,,
11/15/1955,3.99685091,#N/A,#N/A,#N/A,2.313333333,#N/A,#N/A,#N/A,#N/A,#N/A,#N/A,#N/A,#N/A,#N/A,#N/A,#N/A,#N/A,2.841378733,,,,,,,,,,,,,,,,,,,,,,,,,,,,,,,,
2/15/1956,2.9116077,#N/A,#N/A,#N/A,2.713333333,#N/A,#N/A,#N/A,#N/A,#N/A,#N/A,#N/A,#N/A,#N/A,#N/A,#N/A,#N/A,3.033251488,,,,,,,,,,,,,,,,,,,,,,,,,,,,,,,,
5/15/1956,3.091237098,#N/A,#N/A,#N/A,2.38,#N/A,#N/A,#N/A,#N/A,#N/A,#N/A,#N/A,#N/A,#N/A,#N/A,#N/A,#N/A,3.026462369,,,,,,,,,,,,,,,,,,,,,,,,,,,,,,,,
8/15/1956,2.304942236,#N/A,#N/A,#N/A,2.533333333,#N/A,#N/A,#N/A,#N/A,#N/A,#N/A,#N/A,#N/A,#N/A,#N/A,#N/A,#N/A,3.099566953,,,,,,,,,,,,,,,,,,,,,,,,,,,,,,,,
11/15/1956,3.257290143,#N/A,#N/A,#N/A,2.533333333,#N/A,#N/A,#N/A,#N/A,#N/A,#N/A,#N/A,#N/A,#N/A,#N/A,#N/A,#N/A,2.695580453,,,,,,,,,,,,,,,,,,,,,,,,,,,,,,,,
2/15/1957,3.128713057,#N/A,#N/A,#N/A,2.933333333,#N/A,#N/A,#N/A,#N/A,#N/A,#N/A,#N/A,#N/A,#N/A,#N/A,#N/A,#N/A,2.693032477,,,,,,,,,,,,,,,,,,,,,,,,,,,,,,,,
5/15/1957,2.077893605,#N/A,#N/A,#N/A,2.6,#N/A,#N/A,#N/A,#N/A,#N/A,#N/A,#N/A,#N/A,#N/A,#N/A,#N/A,#N/A,2.291929517,,,,,,,,,,,,,,,,,,,,,,,,,,,,,,,,
8/15/1957,2.223968465,#N/A,#N/A,#N/A,2.353333333,#N/A,#N/A,#N/A,#N/A,#N/A,#N/A,#N/A,#N/A,#N/A,#N/A,#N/A,#N/A,2.237440113,,,,,,,,,,,,,,,,,,,,,,,,,,,,,,,,
11/15/1957,0.291372185,#N/A,#N/A,#N/A,0.953333333,#N/A,#N/A,#N/A,#N/A,#N/A,#N/A,#N/A,#N/A,#N/A,#N/A,#N/A,#N/A,1.172519388,,,,,,,,,,,,,,,,,,,,,,,,,,,,,,,,
2/15/1958,-3.152819417,#N/A,#N/A,#N/A,-1.78,#N/A,#N/A,#N/A,#N/A,#N/A,#N/A,#N/A,#N/A,#N/A,#N/A,#N/A,#N/A,-0.891028722,,,,,,,,,,,,,,,,,,,,,,,,,,,,,,,,
5/15/1958,-3.383606444,#N/A,#N/A,#N/A,-3.893333333,#N/A,#N/A,#N/A,#N/A,#N/A,#N/A,#N/A,#N/A,#N/A,#N/A,#N/A,#N/A,-1.474750658,,,,,,,,,,,,,,,,,,,,,,,,,,,,,,,,
8/15/1958,-2.0331631,#N/A,#N/A,#N/A,-3.826666667,#N/A,#N/A,#N/A,#N/A,#N/A,#N/A,#N/A,#N/A,#N/A,#N/A,#N/A,#N/A,-1.335737323,,,,,,,,,,,,,,,,,,,,,,,,,,,,,,,,
11/15/1958,-0.679939999,#N/A,#N/A,#N/A,-1.873333333,#N/A,#N/A,#N/A,#N/A,#N/A,#N/A,#N/A,#N/A,#N/A,#N/A,#N/A,#N/A,-0.917057982,,,,,,,,,,,,,,,,,,,,,,,,,,,,,,,,
2/15/1959,0.279275294,#N/A,#N/A,#N/A,-0.806666667,#N/A,#N/A,#N/A,#N/A,#N/A,#N/A,#N/A,#N/A,#N/A,#N/A,#N/A,#N/A,-0.509165019,,,,,,,,,,,,,,,,,,,,,,,,,,,,,,,,
5/15/1959,1.554586506,#N/A,#N/A,#N/A,0.68,#N/A,#N/A,#N/A,#N/A,#N/A,#N/A,#N/A,#N/A,#N/A,#N/A,#N/A,#N/A,0.578173489,,,,,,,,,,,,,,,,,,,,,,,,,,,,,,,,
8/15/1959,0.604425192,#N/A,#N/A,#N/A,0.346666667,#N/A,#N/A,#N/A,#N/A,#N/A,#N/A,#N/A,#N/A,#N/A,#N/A,#N/A,#N/A,0.321147461,,,,,,,,,,,,,,,,,,,,,,,,,,,,,,,,
11/15/1959,-0.116399112,#N/A,#N/A,#N/A,-0.3,#N/A,#N/A,#N/A,#N/A,#N/A,#N/A,#N/A,#N/A,#N/A,#N/A,#N/A,#N/A,0.143292624,,,,,,,,,,,,,,,,,,,,,,,,,,,,,,,,
2/15/1960,1.090965368,#N/A,#N/A,#N/A,0.653333333,#N/A,#N/A,#N/A,#N/A,#N/A,#N/A,#N/A,#N/A,#N/A,#N/A,#N/A,#N/A,-0.167384431,,,,,,,,,,,,,,,,,,,,,,,,,,,,,,,,
5/15/1960,-0.45626155,#N/A,#N/A,#N/A,0.453333333,#N/A,#N/A,#N/A,#N/A,#N/A,#N/A,#N/A,#N/A,#N/A,#N/A,#N/A,#N/A,0.977117404,,,,,,,,,,,,,,,,,,,,,,,,,,,,,,,,
8/15/1960,-0.962348139,#N/A,#N/A,#N/A,-0.126666667,#N/A,#N/A,#N/A,#N/A,#N/A,#N/A,#N/A,#N/A,#N/A,#N/A,#N/A,#N/A,0.60029716,,,,,,,,,,,,,,,,,,,,,,,,,,,,,,,,
11/15/1960,-3.188860254,#N/A,#N/A,#N/A,-1.573333333,#N/A,#N/A,#N/A,#N/A,#N/A,#N/A,#N/A,#N/A,#N/A,#N/A,#N/A,#N/A,-0.109861463,,,,,,,,,,,,,,,,,,,,,,,,,,,,,,,,
2/15/1961,-3.48733579,#N/A,#N/A,#N/A,-2.64,#N/A,#N/A,#N/A,#N/A,#N/A,#N/A,#N/A,#N/A,#N/A,#N/A,#N/A,#N/A,-0.632042779,,,,,,,,,,,,,,,,,,,,,,,,,,,,,,,,
5/15/1961,-2.77844163,#N/A,#N/A,#N/A,-3.02,#N/A,#N/A,#N/A,#N/A,#N/A,#N/A,#N/A,#N/A,#N/A,#N/A,#N/A,#N/A,-1.142773384,,,,,,,,,,,,,,,,,,,,,,,,,,,,,,,,
8/15/1961,-1.88149525,#N/A,#N/A,#N/A,-2.533333333,#N/A,#N/A,#N/A,#N/A,#N/A,#N/A,#N/A,#N/A,#N/A,#N/A,#N/A,#N/A,-1.454080413,,,,,,,,,,,,,,,,,,,,,,,,,,,,,,,,
11/15/1961,-0.935004831,#N/A,#N/A,#N/A,-1.38,#N/A,#N/A,#N/A,#N/A,#N/A,#N/A,#N/A,#N/A,#N/A,#N/A,#N/A,#N/A,-1.032827191,,,,,,,,,,,,,,,,,,,,,,,,,,,,,,,,
2/15/1962,-0.175176455,#N/A,#N/A,#N/A,-0.246666667,#N/A,#N/A,#N/A,#N/A,#N/A,#N/A,#N/A,#N/A,#N/A,#N/A,#N/A,#N/A,-0.557705522,,,,,,,,,,,,,,,,,,,,,,,,,,,,,,,,
5/15/1962,-0.294522797,#N/A,#N/A,#N/A,-0.026666667,#N/A,#N/A,#N/A,#N/A,#N/A,#N/A,#N/A,#N/A,#N/A,#N/A,#N/A,#N/A,-0.60525752,,,,,,,,,,,,,,,,,,,,,,,,,,,,,,,,
8/15/1962,-0.107913679,#N/A,#N/A,#N/A,-0.073333333,#N/A,#N/A,#N/A,#N/A,#N/A,#N/A,#N/A,#N/A,#N/A,#N/A,#N/A,#N/A,-0.587508371,,,,,,,,,,,,,,,,,,,,,,,,,,,,,,,,
11/15/1962,-0.819011627,#N/A,#N/A,#N/A,0.013333333,#N/A,#N/A,#N/A,#N/A,#N/A,#N/A,#N/A,#N/A,#N/A,#N/A,#N/A,#N/A,-1.104653325,,,,,,,,,,,,,,,,,,,,,,,,,,,,,,,,
2/15/1963,-0.779335895,#N/A,#N/A,#N/A,-0.433333333,#N/A,#N/A,#N/A,#N/A,#N/A,#N/A,#N/A,#N/A,#N/A,#N/A,#N/A,#N/A,-1.290218445,,,,,,,,,,,,,,,,,,,,,,,,,,,,,,,,
5/15/1963,-0.723048869,0.268323777,#N/A,#N/A,-0.346666667,#N/A,#N/A,1.127481627,-0.209831896,0.193088283,#N/A,#N/A,#N/A,#N/A,#N/A,#N/A,#N/A,-0.944393378,,,,,,,,,,,,,,,,,,,,,,,,,,,,,,,,
8/15/1963,0.382903064,1.426270008,#N/A,#N/A,0.14,#N/A,#N/A,1.63844264,1.361832351,1.082191659,#N/A,#N/A,#N/A,#N/A,#N/A,#N/A,#N/A,-0.80069749,,,,,,,,,,,,,,,,,,,,,,,,,,,,,,,,
11/15/1963,-0.041022608,1.282986648,#N/A,#N/A,0.026666667,#N/A,#N/A,1.887509997,1.100329134,1.196807923,#N/A,#N/A,#N/A,#N/A,#N/A,#N/A,#N/A,-0.859312768,,,,,,,,,,,,,,,,,,,,,,,,,,,,,,,,
2/15/1964,0.982284996,2.393331633,#N/A,#N/A,0.266666667,#N/A,#N/A,2.329740902,1.538586675,1.163578202,#N/A,#N/A,#N/A,#N/A,#N/A,#N/A,#N/A,-0.708590346,,,,,,,,,,,,,,,,,,,,,,,,,,,,,,,,
5/15/1964,0.985338646,2.405865743,#N/A,#N/A,0.82,#N/A,#N/A,3.147225246,1.106972527,1.435975857,#N/A,#N/A,#N/A,#N/A,#N/A,#N/A,#N/A,0.094311441,,,,,,,,,,,,,,,,,,,,,,,,,,,,,,,,
8/15/1964,1.46020495,2.906780301,#N/A,#N/A,1.24,#N/A,#N/A,3.405702788,1.808341641,1.836221859,#N/A,#N/A,#N/A,#N/A,#N/A,#N/A,#N/A,-0.238949859,,,,,,,,,,,,,,,,,,,,,,,,,,,,,,,,
11/15/1964,0.688338874,2.205471833,#N/A,#N/A,1.326666667,#N/A,#N/A,3.654024431,1.308827396,2.045255986,#N/A,#N/A,#N/A,#N/A,#N/A,#N/A,#N/A,-0.375204293,,,,,,,,,,,,,,,,,,,,,,,,,,,,,,,,
2/15/1965,2.000905157,3.737124041,#N/A,#N/A,1.5,#N/A,#N/A,4.31026489,1.765194708,1.732666675,#N/A,#N/A,#N/A,#N/A,#N/A,#N/A,#N/A,-0.102778175,,,,,,,,,,,,,,,,,,,,,,,,,,,,,,,,
5/15/1965,2.193707015,3.677575064,#N/A,#N/A,1.986666667,#N/A,#N/A,4.372062734,2.047053128,2.240045936,#N/A,#N/A,#N/A,#N/A,#N/A,#N/A,#N/A,0.554513175,,,,,,,,,,,,,,,,,,,,,,,,,,,,,,,,
8/15/1965,3.328563523,4.57955608,#N/A,#N/A,2.606666667,#N/A,#N/A,5.015336086,2.553989531,2.67035917,#N/A,#N/A,#N/A,#N/A,#N/A,#N/A,#N/A,1.008351618,,,,,,,,,,,,,,,,,,,,,,,,,,,,,,,,
11/15/1965,4.555767553,5.45962105,#N/A,#N/A,3.18,#N/A,#N/A,5.402754784,2.933691521,2.801561128,#N/A,#N/A,#N/A,#N/A,#N/A,#N/A,#N/A,1.270433893,,,,,,,,,,,,,,,,,,,,,,,,,,,,,,,,
2/15/1966,5.924469291,6.676493367,#N/A,#N/A,3.666666667,#N/A,#N/A,6.024057965,3.553475155,3.021640847,#N/A,#N/A,#N/A,#N/A,#N/A,#N/A,#N/A,1.583612108,,,,,,,,,,,,,,,,,,,,,,,,,,,,,,,,
5/15/1966,5.116554908,5.660649447,#N/A,#N/A,3.753333333,#N/A,#N/A,5.80967092,3.176945142,3.396497648,#N/A,#N/A,#N/A,#N/A,#N/A,#N/A,#N/A,1.892923883,,,,,,,,,,,,,,,,,,,,,,,,,,,,,,,,
8/15/1966,4.83559767,4.838538113,#N/A,#N/A,3.906666667,#N/A,#N/A,5.328932668,2.721154143,3.428211549,#N/A,#N/A,#N/A,#N/A,#N/A,#N/A,#N/A,2.264908783,,,,,,,,,,,,,,,,,,,,,,,,,,,,,,,,
11/15/1966,4.543105245,4.149874315,#N/A,#N/A,4.06,#N/A,#N/A,5.071850326,2.199725144,3.286769445,#N/A,#N/A,#N/A,#N/A,#N/A,#N/A,#N/A,2.766111989,,,,,,,,,,,,,,,,,,,,,,,,,,,,,,,,
2/15/1967,4.312044856,3.812408475,#N/A,#N/A,3.833333333,#N/A,#N/A,4.509231018,2.146744993,2.877085888,#N/A,#N/A,#N/A,#N/A,#N/A,#N/A,#N/A,2.141612645,,,,,,,,,,,,,,,,,,,,,,,,,,,,,,,,
5/15/1967,3.236520375,2.879969306,#N/A,#N/A,3.853333333,#N/A,#N/A,4.600941603,1.544645554,2.836139048,#N/A,#N/A,#N/A,#N/A,#N/A,#N/A,#N/A,2.434251594,,,,,,,,,,,,,,,,,,,,,,,,,,,,,,,,
8/15/1967,3.080916713,2.467799271,#N/A,#N/A,3.94,#N/A,#N/A,4.111591937,1.871997843,3.055197545,#N/A,#N/A,#N/A,#N/A,#N/A,#N/A,#N/A,2.922449461,,,,,,,,,,,,,,,,,,,,,,,,,,,,,,,,
11/15/1967,2.714433361,2.06003677,#N/A,#N/A,3.76,#N/A,#N/A,3.594440182,2.030025135,3.171468758,#N/A,#N/A,#N/A,#N/A,#N/A,#N/A,#N/A,3.139444779,,,,,,,,,,,,,,,,,,,,,,,,,,,,,,,,
2/15/1968,3.656286465,3.009281752,#N/A,#N/A,4.113333333,#N/A,#N/A,3.553245373,3.164705567,3.603390013,#N/A,#N/A,#N/A,#N/A,#N/A,#N/A,#N/A,2.485150779,,,,,,,,,,,,,,,,,,,,,,,,,,,,,,,,
5/15/1968,4.236879686,3.476808438,#N/A,#N/A,4.466666667,#N/A,#N/A,3.798999832,3.826893927,4.139183663,#N/A,#N/A,#N/A,#N/A,#N/A,#N/A,#N/A,3.292822764,,,,,,,,,,,,,,,,,,,,,,,,,,,,,,,,
8/15/1968,3.882745607,3.246387265,#N/A,#N/A,4.573333333,#N/A,#N/A,4.058685615,3.782313434,4.546683881,#N/A,#N/A,#N/A,#N/A,#N/A,#N/A,#N/A,2.974294033,,,,,,,,,,,,,,,,,,,,,,,,,,,,,,,,
11/15/1968,3.132839975,2.85381378,#N/A,#N/A,4.86,#N/A,#N/A,4.378026116,3.885719203,5.046020735,#N/A,#N/A,#N/A,#N/A,#N/A,#N/A,#N/A,3.039044174,,,,,,,,,,,,,,,,,,,,,,,,,,,,,,,,
2/15/1969,3.626687637,3.316429264,#N/A,#N/A,4.88,#N/A,#N/A,4.033725144,4.460159265,5.007179075,#N/A,#N/A,#N/A,#N/A,#N/A,#N/A,#N/A,3.365586276,,,,,,,,,,,,,,,,,,,,,,,,,,,,,,,,
5/15/1969,2.886703582,2.571421023,#N/A,#N/A,4.833333333,#N/A,#N/A,3.787149075,4.24448515,5.46173703,#N/A,#N/A,#N/A,#N/A,#N/A,#N/A,#N/A,3.48721787,,,,,,,,,,,,,,,,,,,,,,,,,,,,,,,,
8/15/1969,2.572116809,2.303250404,#N/A,#N/A,4.586666667,#N/A,#N/A,3.517459027,4.025586068,5.42959406,#N/A,#N/A,#N/A,#N/A,#N/A,#N/A,#N/A,3.737249122,,,,,,,,,,,,,,,,,,,,,,,,,,,,,,,,
11/15/1969,1.140580598,1.073705227,#N/A,#N/A,4.626666667,#N/A,#N/A,3.595480719,3.311903107,5.678196813,#N/A,#N/A,#N/A,#N/A,#N/A,#N/A,#N/A,3.727620035,,,,,,,,,,,,,,,,,,,,,,,,,,,,,,,,
2/15/1970,0.111741403,0.665245443,#N/A,#N/A,3.446666667,#N/A,#N/A,2.968843319,3.176117253,4.96018499,#N/A,#N/A,#N/A,#N/A,#N/A,#N/A,#N/A,3.301112881,,,,,,,,,,,,,,,,,,,,,,,,,,,,,,,,
5/15/1970,-0.57501332,0.383036632,#N/A,#N/A,2.266666667,#N/A,#N/A,2.339191777,3.092068472,4.442343203,#N/A,#N/A,#N/A,#N/A,#N/A,#N/A,#N/A,2.469685804,,,,,,,,,,,,,,,,,,,,,,,,,,,,,,,,
8/15/1970,-0.455770551,0.677580202,#N/A,#N/A,1.506666667,#N/A,#N/A,1.911742813,3.262701361,4.022016232,#N/A,#N/A,#N/A,#N/A,#N/A,#N/A,#N/A,1.64535791,,,,,,,,,,,,,,,,,,,,,,,,,,,,,,,,
11/15/1970,-2.279265349,-1.065356973,#N/A,#N/A,0.193333333,#N/A,#N/A,1.026311715,2.422518616,3.995500258,#N/A,#N/A,#N/A,#N/A,#N/A,#N/A,#N/A,0.870888533,,,,,,,,,,,,,,,,,,,,,,,,,,,,,,,,
2/15/1971,-0.390616188,0.84130214,#N/A,#N/A,0.033333333,#N/A,#N/A,0.779152805,3.693587503,3.316054726,#N/A,#N/A,#N/A,#N/A,#N/A,#N/A,#N/A,0.236993938,,,,,,,,,,,,,,,,,,,,,,,,,,,,,,,,
5/15/1971,-0.625009105,0.774073786,#N/A,#N/A,0.12,#N/A,#N/A,1.004086481,3.882284591,3.71436233,#N/A,#N/A,#N/A,#N/A,#N/A,#N/A,#N/A,-0.14691859,,,,,,,,,,,,,,,,,,,,,,,,,,,,,,,,
8/15/1971,-0.584593695,0.985508974,#N/A,#N/A,-0.106666667,#N/A,#N/A,1.205624669,3.923252517,3.724008361,#N/A,#N/A,#N/A,#N/A,#N/A,#N/A,#N/A,-0.056714131,,,,,,,,,,,,,,,,,,,,,,,,,,,,,,,,
11/15/1971,-1.130685237,0.50380816,#N/A,#N/A,0.113333333,#N/A,#N/A,1.541701463,3.024552916,3.556101648,#N/A,#N/A,#N/A,#N/A,#N/A,#N/A,#N/A,0.15032494,,,,,,,,,,,,,,,,,,,,,,,,,,,,,,,,
2/15/1972,-0.110199094,1.839128333,#N/A,#N/A,0.486666667,#N/A,#N/A,2.140350414,4.55335499,4.305239702,#N/A,#N/A,#N/A,#N/A,#N/A,#N/A,#N/A,0.098421819,,,,,,,,,,,,,,,,,,,,,,,,,,,,,,,,
5/15/1972,1.342649528,3.618101366,#N/A,#N/A,0.66,#N/A,#N/A,2.923820525,5.739461499,4.497834788,#N/A,#N/A,#N/A,#N/A,#N/A,#N/A,#N/A,0.375683499,,,,,,,,,,,,,,,,,,,,,,,,,,,,,,,,
8/15/1972,1.479217286,3.813251828,#N/A,#N/A,0.946666667,#N/A,#N/A,3.518850159,5.729262078,5.088328324,#N/A,#N/A,#N/A,#N/A,#N/A,#N/A,#N/A,0.370169565,,,,,,,,,,,,,,,,,,,,,,,,,,,,,,,,
11/15/1972,2.344200378,4.687004864,#N/A,#N/A,1.386666667,#N/A,#N/A,4.112250625,5.883738394,5.229888472,#N/A,#N/A,#N/A,#N/A,#N/A,#N/A,#N/A,0.506237757,,,,,,,,,,,,,,,,,,,,,,,,,,,,,,,,
2/15/1973,4.016709396,6.726642714,#N/A,#N/A,2.273333333,#N/A,#N/A,5.566406278,7.464874672,6.269221152,#N/A,#N/A,#N/A,#N/A,#N/A,#N/A,#N/A,0.959854851,,,,,,,,,,,,,,,,,,,,,,,,,,,,,,,,
5/15/1973,4.25173393,7.222260094,#N/A,#N/A,2.313333333,#N/A,#N/A,6.122813591,8.448983444,7.450964524,#N/A,#N/A,#N/A,#N/A,#N/A,#N/A,#N/A,1.488800282,,,,,,,,,,,,,,,,,,,,,,,,,,,,,,,,
8/15/1973,2.816640347,5.875806738,#N/A,#N/A,2.6,#N/A,#N/A,6.700939296,7.181452799,7.877851251,#N/A,#N/A,#N/A,#N/A,#N/A,#N/A,#N/A,1.468993038,,,,,,,,,,,,,,,,,,,,,,,,,,,,,,,,
11/15/1973,2.892231881,5.825458798,#N/A,#N/A,2.686666667,#N/A,#N/A,6.559600597,7.037688107,7.78603117,#N/A,#N/A,#N/A,#N/A,#N/A,#N/A,#N/A,1.912777918,,,,,,,,,,,,,,,,,,,,,,,,,,,,,,,,
2/15/1974,1.119545779,3.731026909,#N/A,#N/A,1.993333333,#N/A,#N/A,5.246745608,5.822969392,7.496503219,#N/A,#N/A,#N/A,#N/A,#N/A,#N/A,#N/A,1.832576328,,,,,,,,,,,,,,,,,,,,,,,,,,,,,,,,
5/15/1974,0.479788077,3.062443624,#N/A,#N/A,1.88,#N/A,#N/A,4.674396402,5.69098434,7.277591886,#N/A,#N/A,#N/A,#N/A,#N/A,#N/A,#N/A,1.270883918,,,,,,,,,,,,,,,,,,,,,,,,,,,,,,,,
8/15/1974,-1.316325494,1.219809405,#N/A,#N/A,1.033333333,#N/A,#N/A,3.485507221,4.340057449,6.459571981,#N/A,#N/A,#N/A,#N/A,#N/A,#N/A,#N/A,0.773442553,,,,,,,,,,,,,,,,,,,,,,,,,,,,,,,,
11/15/1974,-2.516472131,0.024039504,#N/A,#N/A,-0.88,#N/A,#N/A,1.563989277,2.809340303,4.242947437,#N/A,#N/A,#N/A,#N/A,#N/A,#N/A,#N/A,-0.5261929,,,,,,,,,,,,,,,,,,,,,,,,,,,,,,,,
2/15/1975,-4.475657479,-1.831132468,#N/A,#N/A,-4.193333333,#N/A,#N/A,-0.912901504,0.575436912,1.722772116,#N/A,#N/A,#N/A,#N/A,#N/A,#N/A,#N/A,-2.89446992,,,,,,,,,,,,,,,,,,,,,,,,,,,,,,,,
5/15/1975,-4.542501525,-1.795439568,#N/A,#N/A,-5.373333333,#N/A,#N/A,-1.944848854,0.037995756,0.124425661,#N/A,#N/A,#N/A,#N/A,#N/A,#N/A,#N/A,-3.597840377,,,,,,,,,,,,,,,,,,,,,,,,,,,,,,,,
8/15/1975,-3.652527554,-0.89232093,#N/A,#N/A,-4.553333333,#N/A,#N/A,-1.543108559,0.889854353,0.396832846,#N/A,#N/A,#N/A,#N/A,#N/A,#N/A,#N/A,-3.436095719,,,,,,,,,,,,,,,,,,,,,,,,,,,,,,,,
11/15/1975,-3.097663133,-0.154107237,#N/A,#N/A,-4.2,#N/A,#N/A,-1.213312785,1.960674102,1.009623392,#N/A,#N/A,#N/A,#N/A,#N/A,#N/A,#N/A,-3.609035438,,,,,,,,,,,,,,,,,,,,,,,,,,,,,,,,
2/15/1976,-1.666277948,1.499150747,#N/A,#N/A,-3.066666667,#N/A,#N/A,0.015792793,3.43128486,2.046101655,#N/A,#N/A,#N/A,#N/A,#N/A,#N/A,#N/A,-2.862161234,,,,,,,,,,,,,,,,,,,,,,,,,,,,,,,,
5/15/1976,-1.69809923,1.704059365,#N/A,#N/A,-2.713333333,#N/A,#N/A,0.699689945,3.475573396,2.479448173,#N/A,#N/A,#N/A,#N/A,#N/A,#N/A,#N/A,-2.370595366,,,,,,,,,,,,,,,,,,,,,,,,,,,,,,,,
8/15/1976,-1.928843939,1.649387153,#N/A,#N/A,-3.026666667,#N/A,#N/A,0.785262716,3.653592569,2.989797656,#N/A,#N/A,#N/A,#N/A,#N/A,#N/A,#N/A,-2.34651032,,,,,,,,,,,,,,,,,,,,,,,,,,,,,,,,
11/15/1976,-1.994456294,1.814348264,#N/A,#N/A,-3.093333333,#N/A,#N/A,1.114307102,3.902433303,3.274920145,#N/A,#N/A,#N/A,#N/A,#N/A,#N/A,#N/A,-2.535505623,,,,,,,,,,,,,,,,,,,,,,,,,,,,,,,,
2/15/1977,-1.633763472,2.606014533,#N/A,#N/A,-2.54,#N/A,#N/A,2.023646595,4.885618721,4.007763719,#N/A,#N/A,#N/A,#N/A,#N/A,#N/A,#N/A,-2.245957263,,,,,,,,,,,,,,,,,,,,,,,,,,,,,,,,
5/15/1977,-0.540288569,3.715486727,#N/A,#N/A,-1.806666667,#N/A,#N/A,2.613193893,5.768962479,4.49121183,#N/A,#N/A,#N/A,#N/A,#N/A,#N/A,#N/A,-1.3026003,,,,,,,,,,,,,,,,,,,,,,,,,,,,,,,,
8/15/1977,0.421412912,4.686564995,#N/A,#N/A,-1.32,#N/A,#N/A,3.338690424,6.63024848,5.404438474,#N/A,#N/A,#N/A,#N/A,#N/A,#N/A,#N/A,-1.080426303,,,,,,,,,,,,,,,,,,,,,,,,,,,,,,,,
11/15/1977,-0.417683353,3.944601173,#N/A,#N/A,-0.853333333,#N/A,#N/A,3.986487799,5.911558284,5.854086245,#N/A,#N/A,#N/A,#N/A,#N/A,#N/A,#N/A,-0.204281082,,,,,,,,,,,,,,,,,,,,,,,,,,,,,,,,
2/15/1978,-0.949914562,3.146175682,#N/A,#N/A,-0.186666667,#N/A,#N/A,4.168040966,5.224406788,6.045953711,#N/A,#N/A,#N/A,#N/A,#N/A,#N/A,#N/A,0.205041607,,,,,,,,,,,,,,,,,,,,,,,,,,,,,,,,
5/15/1978,1.990689716,6.07663577,#N/A,#N/A,0.48,#N/A,#N/A,4.711383948,7.722742754,6.542947176,#N/A,#N/A,#N/A,#N/A,#N/A,#N/A,#N/A,1.080941308,,,,,,,,,,,,,,,,,,,,,,,,,,,,,,,,
8/15/1978,2.112156555,6.279749802,#N/A,#N/A,0.413333333,#N/A,#N/A,5.064266723,7.921907095,7.109287015,#N/A,#N/A,#N/A,#N/A,#N/A,#N/A,#N/A,1.023471729,,,,,,,,,,,,,,,,,,,,,,,,,,,,,,,,
11/15/1978,2.56881275,6.611592291,#N/A,#N/A,0.68,#N/A,#N/A,5.228593224,8.151829848,7.458799119,#N/A,#N/A,#N/A,#N/A,#N/A,#N/A,#N/A,1.5660089,,,,,,,,,,,,,,,,,,,,,,,,,,,,,,,,
2/15/1979,1.827234762,5.997386569,#N/A,#N/A,0.746666667,#N/A,#N/A,5.358536044,7.147927628,7.211066405,#N/A,#N/A,#N/A,#N/A,#N/A,#N/A,#N/A,1.841919384,,,,,,,,,,,,,,,,,,,,,,,,,,,,,,,,
5/15/1979,1.05587834,5.491707827,#N/A,#N/A,1.06,#N/A,#N/A,5.722620675,7.546722056,8.098040561,#N/A,#N/A,#N/A,#N/A,#N/A,#N/A,#N/A,1.305272997,,,,,,,,,,,,,,,,,,,,,,,,,,,,,,,,
8/15/1979,0.976886332,5.525542284,#N/A,#N/A,0.726666667,#N/A,#N/A,5.4301687,7.44696937,7.53197119,#N/A,#N/A,#N/A,#N/A,#N/A,#N/A,#N/A,1.314648095,,,,,,,,,,,,,,,,,,,,,,,,,,,,,,,,
11/15/1979,0.462751719,4.893195601,#N/A,#N/A,0.506666667,#N/A,#N/A,5.162808988,6.921164825,7.297049331,#N/A,#N/A,#N/A,#N/A,#N/A,#N/A,#N/A,1.244796335,,,,,,,,,,,,,,,,,,,,,,,,,,,,,,,,
2/15/1980,0.081112272,4.242101366,#N/A,#N/A,-0.16,#N/A,#N/A,4.166101562,6.549112605,6.785768427,#N/A,#N/A,#N/A,#N/A,#N/A,#N/A,#N/A,0.854373326,,,,,,,,,,,,,,,,,,,,,,,,,,,,,,,,
5/15/1980,-2.5870613,1.479099218,#N/A,#N/A,-2.246666667,#N/A,#N/A,2.447769698,3.915903105,5.131631897,#N/A,#N/A,#N/A,#N/A,#N/A,#N/A,#N/A,-0.881949733,,,,,,,,,,,,,,,,,,,,,,,,,,,,,,,,
8/15/1980,-3.2364999,0.661898495,#N/A,#N/A,-2.933333333,#N/A,#N/A,1.674758138,2.948288058,4.067995083,#N/A,#N/A,#N/A,#N/A,#N/A,#N/A,#N/A,-1.684821273,,,,,,,,,,,,,,,,,,,,,,,,,,,,,,,,
11/15/1980,-1.996350791,1.786231731,#N/A,#N/A,-2.4,#N/A,#N/A,1.865095302,4.146628256,4.317805665,#N/A,#N/A,#N/A,#N/A,#N/A,#N/A,#N/A,-1.608135513,,,,,,,,,,,,,,,,,,,,,,,,,,,,,,,,
2/15/1981,-0.704473079,3.170536693,#N/A,#N/A,-2.486666667,#N/A,#N/A,2.134589184,5.403166675,4.562576822,#N/A,#N/A,#N/A,#N/A,#N/A,#N/A,#N/A,-1.277324065,,,,,,,,,,,,,,,,,,,,,,,,,,,,,,,,
5/15/1981,-2.09930737,1.773836761,#N/A,#N/A,-2.44,#N/A,#N/A,2.183605906,4.022856976,4.411505844,#N/A,#N/A,#N/A,#N/A,#N/A,#N/A,#N/A,-1.212948717,,,,,,,,,,,,,,,,,,,,,,,,,,,,,,,,
8/15/1981,-1.620939322,2.165628185,#N/A,#N/A,-2.46,#N/A,#N/A,2.061154399,4.151186838,4.208255266,#N/A,#N/A,#N/A,#N/A,#N/A,#N/A,#N/A,-2.214949274,,,,,,,,,,,,,,,,,,,,,,,,,,,,,,,,
11/15/1981,-3.403480428,0.351363977,#N/A,#N/A,-4.146666667,#N/A,#N/A,0.765048273,2.434854166,3.17448506,#N/A,#N/A,#N/A,#N/A,#N/A,#N/A,#N/A,-3.283251159,,,,,,,,,,,,,,,,,,,,,,,,,,,,,,,,
2/15/1982,-5.619771074,-1.861617567,#N/A,#N/A,-5.366666667,#N/A,#N/A,-0.325971892,0.123796319,1.769029182,#N/A,#N/A,#N/A,#N/A,#N/A,#N/A,#N/A,-4.217763902,,,,,,,,,,,,,,,,,,,,,,,,,,,,,,,,
5/15/1982,-5.912886685,-2.189186016,#N/A,#N/A,-6.586666667,#N/A,#N/A,-1.545240265,-0.347626407,0.493557869,#N/A,#N/A,#N/A,#N/A,#N/A,#N/A,#N/A,-4.818380063,,,,,,,,,,,,,,,,,,,,,,,,,,,,,,,,
8/15/1982,-6.996532552,-3.233463724,#N/A,#N/A,-7.54,#N/A,#N/A,-2.393506584,-1.0334623,0.04254492,#N/A,#N/A,#N/A,#N/A,#N/A,#N/A,#N/A,-5.551640949,,,,,,,,,,,,,,,,,,,,,,,,,,,,,,,,
11/15/1982,-7.68502086,-3.790230083,#N/A,#N/A,-9.093333333,#N/A,#N/A,-3.672643889,-1.643991962,-1.182227593,#N/A,#N/A,#N/A,#N/A,#N/A,#N/A,#N/A,-6.550736006,,,,,,,,,,,,,,,,,,,,,,,,,,,,,,,,
2/15/1983,-7.192273505,-3.440133846,#N/A,#N/A,-8.513333333,#N/A,#N/A,-3.703570305,-1.394656882,-1.40888073,#N/A,#N/A,#N/A,#N/A,#N/A,#N/A,#N/A,-7.082169229,,,,,,,,,,,,,,,,,,,,,,,,,,,,,,,,
5/15/1983,-5.825576354,-2.076710593,#N/A,#N/A,-8.066666667,#N/A,#N/A,-3.631837495,-0.495976864,-1.801989774,#N/A,#N/A,#N/A,#N/A,#N/A,#N/A,#N/A,-6.612425802,,,,,,,,,,,,,,,,,,,,,,,,,,,,,,,,
8/15/1983,-4.7126955,-1.011911142,#N/A,#N/A,-6.553333333,#N/A,#N/A,-2.550564515,1.096323943,-0.2662574,#N/A,#N/A,#N/A,#N/A,#N/A,#N/A,#N/A,-5.274639094,,,,,,,,,,,,,,,,,,,,,,,,,,,,,,,,
11/15/1983,-3.529723946,0.037071512,#N/A,#N/A,-4.886666667,#N/A,#N/A,-1.480731492,1.642155892,0.180259035,#N/A,#N/A,#N/A,#N/A,#N/A,#N/A,#N/A,-4.655608171,,,,,,,,,,,,,,,,,,,,,,,,,,,,,,,,
2/15/1984,-2.482852835,1.207367201,#N/A,#N/A,-3.573333333,#N/A,#N/A,-0.102384792,2.753743621,1.463753627,#N/A,#N/A,#N/A,#N/A,#N/A,#N/A,#N/A,-4.114377627,,,,,,,,,,,,,,,,,,,,,,,,,,,,,,,,
5/15/1984,-1.668611874,2.199063238,#N/A,#N/A,-2.726666667,#N/A,#N/A,1.108444563,3.723780871,2.70837826,#N/A,#N/A,#N/A,#N/A,#N/A,#N/A,#N/A,-3.037731948,,,,,,,,,,,,,,,,,,,,,,,,,,,,,,,,
8/15/1984,-1.60449879,2.166569903,#N/A,#N/A,-2.746666667,#N/A,#N/A,1.13710707,3.399793445,2.738029239,#N/A,#N/A,#N/A,#N/A,#N/A,#N/A,#N/A,-3.092070223,,,,,,,,,,,,,,,,,,,,,,,,,,,,,,,,
11/15/1984,-1.687140773,1.898447277,#N/A,#N/A,-2.5,#N/A,#N/A,1.168159166,2.787088242,2.558923334,#N/A,#N/A,#N/A,#N/A,#N/A,#N/A,#N/A,-3.077110534,,,,,,,,,,,,,,,,,,,,,,,,,,,,,,,,
2/15/1985,-1.622319029,2.153015405,#N/A,#N/A,-2.386666667,#N/A,#N/A,1.483523462,3.454652634,3.357364752,#N/A,#N/A,#N/A,#N/A,#N/A,#N/A,#N/A,-2.792557559,,,,,,,,,,,,,,,,,,,,,,,,,,,,,,,,
5/15/1985,-1.640865416,2.160687683,#N/A,#N/A,-2.54,#N/A,#N/A,1.304206699,3.165998673,2.897488696,#N/A,#N/A,#N/A,#N/A,#N/A,#N/A,#N/A,-3.038104365,,,,,,,,,,,,,,,,,,,,,,,,,,,,,,,,
8/15/1985,-1.022387996,2.713830453,#N/A,#N/A,-2.36,#N/A,#N/A,1.367214954,3.563938143,3.000346836,#N/A,#N/A,#N/A,#N/A,#N/A,#N/A,#N/A,-3.080100616,,,,,,,,,,,,,,,,,,,,,,,,,,,,,,,,
11/15/1985,-1.153955297,2.453184895,#N/A,#N/A,-2.046666667,#N/A,#N/A,1.373649846,2.993756639,2.631534868,#N/A,#N/A,#N/A,#N/A,#N/A,#N/A,#N/A,-2.651554723,,,,,,,,,,,,,,,,,,,,,,,,,,,,,,,,
2/15/1986,-1.085507961,2.433952027,#N/A,#N/A,-2.066666667,#N/A,#N/A,1.282418241,2.894300067,2.464037533,#N/A,#N/A,#N/A,#N/A,#N/A,#N/A,#N/A,-2.618803105,,,,,,,,,,,,,,,,,,,,,,,,,,,,,,,,
5/15/1986,-1.478867867,2.000412248,#N/A,#N/A,-2.353333333,#N/A,#N/A,0.944313292,2.15026345,1.713365234,#N/A,#N/A,#N/A,#N/A,#N/A,#N/A,#N/A,-2.58151325,,,,,,,,,,,,,,,,,,,,,,,,,,,,,,,,
8/15/1986,-1.36754934,1.993934104,#N/A,#N/A,-1.993333333,#N/A,#N/A,0.89247087,2.05998191,1.389800687,#N/A,#N/A,#N/A,#N/A,#N/A,#N/A,#N/A,-2.285862972,,,,,,,,,,,,,,,,,,,,,,,,,,,,,,,,
11/15/1986,-1.656547805,1.542193499,#N/A,#N/A,-1.746666667,#N/A,#N/A,0.757680765,1.646506053,1.160458611,#N/A,#N/A,#N/A,#N/A,#N/A,#N/A,#N/A,-2.171859888,,,,,,,,,,,,,,,,,,,,,,,,,,,,,,,,
2/15/1987,-1.729347903,1.32301531,#N/A,#N/A,-1.3,#N/A,#N/A,0.894702044,1.255896277,0.90936693,#N/A,#N/A,#N/A,#N/A,#N/A,#N/A,#N/A,-1.985686843,,,,,,,,,,,,,,,,,,,,,,,,,,,,,,,,
5/15/1987,-1.46332903,1.416112806,#N/A,#N/A,-0.673333333,#N/A,#N/A,1.222137288,1.401090257,1.210444717,#N/A,#N/A,#N/A,#N/A,#N/A,#N/A,#N/A,-1.47360582,,,,,,,,,,,,,,,,,,,,,,,,,,,,,,,,
8/15/1987,-1.391122241,1.003435528,#N/A,#N/A,-0.16,#N/A,#N/A,1.210187664,0.778359209,1.043524732,#N/A,#N/A,#N/A,#N/A,#N/A,#N/A,#N/A,-1.142268361,,,,,,,,,,,,,,,,,,,,,,,,,,,,,,,,
11/15/1987,-0.481635592,1.531636881,#N/A,#N/A,0.133333333,#N/A,#N/A,1.188476437,1.124330184,0.976901766,#N/A,#N/A,#N/A,#N/A,#N/A,#N/A,#N/A,-0.817902947,,,,,,,,,,,,,,,,,,,,,,,,,,,,,,,,
2/15/1988,-0.735081575,0.91234416,#N/A,#N/A,0.38,#N/A,#N/A,1.131289509,0.351649514,0.766094699,#N/A,#N/A,#N/A,#N/A,#N/A,#N/A,#N/A,-0.740533806,,,,,,,,,,,,,,,,,,,,,,,,,,,,,,,,
5/15/1988,-0.197816273,1.19325624,#N/A,#N/A,0.806666667,#N/A,#N/A,1.226731457,0.738727197,0.942650788,#N/A,#N/A,#N/A,#N/A,#N/A,#N/A,#N/A,-0.536551269,,,,,,,,,,,,,,,,,,,,,,,,,,,,,,,,
8/15/1988,-0.368384655,0.77828227,#N/A,#N/A,0.766666667,#N/A,#N/A,1.210651748,0.307855176,0.948312369,#N/A,#N/A,#N/A,#N/A,#N/A,#N/A,#N/A,-0.259341711,,,,,,,,,,,,,,,,,,,,,,,,,,,,,,,,
11/15/1988,0.204124883,0.847926222,#N/A,#N/A,0.993333333,#N/A,#N/A,1.004852598,0.216723299,0.782758444,#N/A,#N/A,#N/A,#N/A,#N/A,#N/A,#N/A,0.091053783,,,,,,,,,,,,,,,,,,,,,,,,,,,,,,,,
2/15/1989,0.475790653,0.937046462,#N/A,#N/A,1.22,#N/A,#N/A,1.07797003,0.423136436,0.923597767,#N/A,#N/A,#N/A,#N/A,#N/A,#N/A,#N/A,0.581178677,,,,,,,,,,,,,,,,,,,,,,,,,,,,,,,,
5/15/1989,0.503205313,0.737416176,#N/A,#N/A,1.113333333,#N/A,#N/A,0.862482551,0.223545856,0.621498632,#N/A,#N/A,#N/A,#N/A,#N/A,#N/A,#N/A,0.544161519,,,,,,,,,,,,,,,,,,,,,,,,,,,,,,,,
8/15/1989,0.515834996,0.54101361,#N/A,#N/A,1.073333333,#N/A,#N/A,0.624786598,-0.062943997,0.200663066,#N/A,#N/A,#N/A,#N/A,#N/A,#N/A,#N/A,0.513054582,,,,,,,,,,,,,,,,,,,,,,,,,,,,,,,,
11/15/1989,-0.006831639,-0.18774584,#N/A,#N/A,0.766666667,#N/A,#N/A,-0.091495703,-0.554184905,-0.299664072,#N/A,#N/A,#N/A,#N/A,#N/A,#N/A,#N/A,0.420843826,,,,,,,,,,,,,,,,,,,,,,,,,,,,,,,,
2/15/1990,0.375151782,-0.120392325,#N/A,#N/A,0.86,#N/A,#N/A,-0.632815499,-0.349871323,-0.548529281,#N/A,#N/A,#N/A,#N/A,#N/A,#N/A,#N/A,0.80046318,,,,,,,,,,,,,,,,,,,,,,,,,,,,,,,,
5/15/1990,0.04138471,-0.613688063,#N/A,#N/A,0.753333333,#N/A,#N/A,-1.071160993,-0.707381825,-0.763544133,#N/A,#N/A,#N/A,#N/A,#N/A,#N/A,#N/A,0.318145994,,,,,,,,,,,,,,,,,,,,,,,,,,,,,,,,
8/15/1990,-0.567323542,-1.347635267,#N/A,#N/A,-0.02,#N/A,#N/A,-1.934090383,-1.405098002,-1.488054677,#N/A,#N/A,#N/A,#N/A,#N/A,#N/A,#N/A,-0.42655513,,,,,,,,,,,,,,,,,,,,,,,,,,,,,,,,
11/15/1990,-2.117293304,-2.990173002,#N/A,#N/A,-0.926666667,#N/A,#N/A,-3.092111187,-2.931249707,-2.596343612,#N/A,#N/A,#N/A,#N/A,#N/A,#N/A,#N/A,-1.167414118,,,,,,,,,,,,,,,,,,,,,,,,,,,,,,,,
2/15/1991,-3.200566229,-4.139750658,#N/A,#N/A,-1.88,#N/A,#N/A,-4.190480746,-3.965989419,-3.593511118,#N/A,#N/A,#N/A,#N/A,#N/A,#N/A,#N/A,-2.091500545,,,,,,,,,,,,,,,,,,,,,,,,,,,,,,,,
5/15/1991,-3.055908728,-3.879485104,#N/A,#N/A,-2.386666667,#N/A,#N/A,-4.644257565,-3.642350958,-4.095550635,#N/A,#N/A,#N/A,#N/A,#N/A,#N/A,#N/A,-2.425869243,,,,,,,,,,,,,,,,,,,,,,,,,,,,,,,,
8/15/1991,-3.166597049,-3.934409654,#N/A,#N/A,-2.493333333,#N/A,#N/A,-4.809456213,-3.411827246,-4.117602473,#N/A,#N/A,#N/A,#N/A,#N/A,#N/A,#N/A,-2.890826516,,,,,,,,,,,,,,,,,,,,,,,,,,,,,,,,
11/15/1991,-3.426339354,-4.139292149,#N/A,#N/A,-3,#N/A,#N/A,-5.234335873,-3.539955842,-4.479646014,#N/A,#N/A,#N/A,#N/A,#N/A,#N/A,#N/A,-3.353285321,,,,,,,,,,,,,,,,,,,,,,,,,,,,,,,,
2/15/1992,-2.869209102,-3.341949408,#N/A,#N/A,-3.553333333,#N/A,#N/A,-4.977154614,-2.99403217,-4.350112258,#N/A,#N/A,#N/A,#N/A,#N/A,#N/A,#N/A,-3.266727684,,,,,,,,,,,,,,,,,,,,,,,,,,,,,,,,
5/15/1992,-2.423984166,-2.918754009,#N/A,#N/A,-4.06,#N/A,#N/A,-5.189011992,-2.635089669,-4.351803244,#N/A,#N/A,#N/A,#N/A,#N/A,#N/A,#N/A,-3.124642471,,,,,,,,,,,,,,,,,,,,,,,,,,,,,,,,
8/15/1992,-2.081008877,-2.68447469,#N/A,#N/A,-4.166666667,#N/A,#N/A,-5.216624891,-2.517962488,-4.406350043,#N/A,#N/A,#N/A,#N/A,#N/A,#N/A,#N/A,-3.180379496,,,,,,,,,,,,,,,,,,,,,,,,,,,,,,,,
11/15/1992,-1.688452175,-2.417442574,#N/A,#N/A,-3.653333333,#N/A,#N/A,-4.836179947,-2.206786171,-4.004760043,#N/A,#N/A,#N/A,#N/A,#N/A,#N/A,#N/A,-3.553885954,,,,,,,,,,,,,,,,,,,,,,,,,,,,,,,,
2/15/1993,-2.156679281,-3.258962673,#N/A,#N/A,-3.226666667,#N/A,#N/A,-5.101363801,-2.805815884,-4.206675849,#N/A,#N/A,#N/A,#N/A,#N/A,#N/A,#N/A,-3.471836484,,,,,,,,,,,,,,,,,,,,,,,,,,,,,,,,
5/15/1993,-2.22951199,-3.479186698,#N/A,#N/A,-3.113333333,#N/A,#N/A,-5.285577456,-2.94650592,-4.334320027,#N/A,#N/A,#N/A,#N/A,#N/A,#N/A,#N/A,-3.040730963,,,,,,,,,,,,,,,,,,,,,,,,,,,,,,,,
8/15/1993,-2.409624782,-3.741390829,#N/A,#N/A,-2.62,#N/A,#N/A,-5.033404682,-3.124471924,-4.359361012,#N/A,#N/A,#N/A,#N/A,#N/A,#N/A,#N/A,-2.753873763,,,,,,,,,,,,,,,,,,,,,,,,,,,,,,,,
11/15/1993,-1.738723375,-3.014315068,#N/A,#N/A,-2.306666667,#N/A,#N/A,-4.619272574,-2.517040369,-4.148139122,#N/A,#N/A,#N/A,#N/A,#N/A,#N/A,#N/A,-2.651070812,,,,,,,,,,,,,,,,,,,,,,,,,,,,,,,,
2/15/1994,-1.445021407,-2.68237347,#N/A,#N/A,-2.193333333,-1.959759894,-3.643611673,-4.458714794,-2.106037477,-4.060990425,#N/A,#N/A,#N/A,#N/A,#N/A,#N/A,#N/A,-2.078932403,,,,,,,,,,,,,,,,,,,,,,,,,,,,,,,,
5/15/1994,-0.775056729,-2.113073644,#N/A,#N/A,-1.5,-1.443338223,-3.079717447,-3.86006936,-1.472898312,-3.432999945,#N/A,#N/A,#N/A,#N/A,#N/A,#N/A,#N/A,-1.784099746,,,,,,,,,,,,,,,,,,,,,,,,,,,,,,,,
8/15/1994,-0.867906364,-2.341287952,#N/A,#N/A,-1.12,-0.906916552,-2.231452477,-3.746591787,-1.691076151,-3.220563526,#N/A,#N/A,#N/A,#N/A,#N/A,#N/A,#N/A,-1.473106206,,,,,,,,,,,,,,,,,,,,,,,,,,,,,,,,
11/15/1994,-0.411313722,-1.787390559,#N/A,#N/A,-0.406666667,-0.449983692,-1.667687598,-2.821887954,-1.242232178,-2.597036649,#N/A,#N/A,#N/A,#N/A,#N/A,#N/A,#N/A,-0.559333616,,,,,,,,,,,,,,,,,,,,,,,,,,,,,,,,
2/15/1995,-0.735897749,-2.199539679,#N/A,#N/A,-0.093333333,-0.191772856,-1.410285032,-2.70913912,-1.54403747,-2.451065389,#N/A,#N/A,#N/A,#N/A,#N/A,#N/A,#N/A,-0.442828687,,,,,,,,,,,,,,,,,,,,,,,,,,,,,,,,
5/15/1995,-1.118773677,-2.561053114,#N/A,#N/A,-0.513333333,-0.370750477,-1.502620234,-3.053851633,-1.862584007,-2.691703716,#N/A,#N/A,#N/A,#N/A,#N/A,#N/A,#N/A,-0.923682947,,,,,,,,,,,,,,,,,,,,,,,,,,,,,,,,
8/15/1995,-0.959535596,-2.277386726,#N/A,#N/A,-0.533333333,-0.430494882,-1.447045082,-2.740830998,-1.677495918,-2.582427266,#N/A,#N/A,#N/A,#N/A,#N/A,#N/A,#N/A,-0.935362732,,,,,,,,,,,,,,,,,,,,,,,,,,,,,,,,
11/15/1995,-0.979720803,-2.05040113,#N/A,#N/A,-0.353333333,-0.331261666,-1.419387079,-2.081774138,-1.34290274,-2.076461943,#N/A,#N/A,#N/A,#N/A,#N/A,#N/A,#N/A,-1.011369517,,,,,,,,,,,,,,,,,,,,,,,,,,,,,,,,
2/15/1996,-0.939024824,-1.844263061,#N/A,#N/A,-0.306666667,-0.192284046,-1.138291596,-1.743860076,-1.118011002,-1.842614917,-0.131721453,-0.250270761,-0.291250768,0.193333333,0.393333333,0.393333333,0.393333333,-0.88523077,,,,,,,,,,,,,,,,,,,,,,,,,,,,,,,,
5/15/1996,-0.032116003,-1.019744636,#N/A,#N/A,-0.26,-0.132795236,-1.057338329,-1.53438489,-0.400819894,-1.546657959,0.240037515,0.376891933,0.349229869,0.793333333,0.793333333,0.793333333,0.793333333,-0.490489036,,,,,,,,,,,,,,,,,,,,,,,,,,,,,,,,
8/15/1996,0.07230537,-0.723754215,0.766666667,#N/A,0.186666667,0.204904409,-0.712231524,-0.733620212,-0.043204936,-0.875169409,0.383576331,0.33287536,0.364744542,1.193333333,1.193333333,1.193333333,1.126666667,0.039309534,,,,,,,,,,,,,,,,,,,,,,,,,,,,,,,,
11/15/1996,0.27327185,-0.416171089,0.433333333,#N/A,0.033333333,0.224648814,-0.556979823,-0.67834763,0.337600411,-0.576519107,0.848957509,0.643193231,0.631681943,1.106666667,1.106666667,1.106666667,1.106666667,0.237293201,,,,,,,,,,,,,,,,,,,,,,,,,,,,,,,,
2/15/1997,0.043950123,-0.581430945,0.433333333,#N/A,0.213333333,0.48285965,-0.205353159,-0.522960452,0.122509892,-0.362939169,1.413324787,1.45194808,1.484849404,1.04,1.04,1.04,1.04,0.303274641,,,,,,,,,,,,,,,,,,,,,,,,,,,,,,,,
5/15/1997,0.789249951,0.297025286,0.7,#N/A,0.66,0.741070485,0.187475801,0.096096281,0.950917106,0.274789787,1.428655516,1.789495306,1.711360706,1.84,1.84,1.84,1.84,0.837092312,,,,,,,,,,,,,,,,,,,,,,,,,,,,,,,,
8/15/1997,1.092833548,0.729930494,0.766666667,#N/A,0.906666667,1.118514536,0.558242047,0.603738772,1.060651994,0.535444366,1.991654146,1.932338609,1.88149672,1.906666667,1.906666667,1.906666667,1.906666667,1.171949658,,,,,,,,,,,,,,,,,,,,,,,,,,,,,,,,
11/15/1997,0.979733163,0.696673314,1.191666667,#N/A,1.286666667,1.376725371,0.924744764,1.023175187,0.921092178,0.918374442,2.107902182,2.00986022,1.963640438,2.24,2.24,2.24,2.24,1.37441887,,,,,,,,,,,,,,,,,,,,,,,,,,,,,,,,
2/15/1998,0.985790068,1.427272946,1.283333333,#N/A,1.333333333,1.475958586,0.938545038,1.869780761,1.734527504,1.530802918,2.40846443,2.542113323,2.682723096,2.306666667,2.306666667,2.306666667,2.306666667,1.377776135,,,,,,,,,,,,,,,,,,,,,,,,,,,,,,,,
5/15/1998,0.897431472,1.497635888,1.775,#N/A,1.78,1.853402637,1.400044016,2.36347033,1.761613202,1.985432276,2.422805065,2.476128912,2.526718203,2.886666667,2.886666667,2.886666667,2.886666667,1.515335291,,,,,,,,,,,,,,,,,,,,,,,,,,,,,,,,
8/15/1998,1.125655854,2.002436527,1.533333333,#N/A,1.513333333,1.853402637,1.326207361,2.424581723,2.125707698,2.147327861,2.733883313,2.876578699,2.829013571,2.553333333,2.553333333,2.553333333,2.62,1.467147398,,,,,,,,,,,,,,,,,,,,,,,,,,,,,,,,
11/15/1998,1.710159734,2.931666924,1.583333333,#N/A,1.693333333,2.191102283,1.827827023,3.024305784,2.910481968,2.596238029,3.604317935,3.258384659,3.247626476,2.82,2.46,2.46,2.46,1.806528666,,,,,,,,,,,,,,,,,,,,,,,,,,,,,,,,
2/15/1999,1.609345031,3.396153754,1.7,#N/A,1.94,2.330079903,1.941330589,4.072551333,3.161489964,3.188773217,3.645103144,3.54095734,3.606382269,2.66,2.66,2.66,2.66,1.946933309,,,,,,,,,,,,,,,,,,,,,,,,,,,,,,,,
5/15/1999,1.397714942,3.377801837,1.616666667,#N/A,1.986666667,2.389568713,1.971722674,4.132845622,3.236650398,3.272057199,3.452115813,2.68222957,2.633485713,2.706666667,2.706666667,2.706666667,2.706666667,1.888476513,,,,,,,,,,,,,,,,,,,,,,,,,,,,,,,,
8/15/1999,1.670044692,3.836999749,1.533333333,#N/A,2.033333333,2.528546333,2.310619421,4.338067049,3.568214474,3.372362307,3.045728341,3.220901207,3.254543678,2.773333333,2.773333333,2.773333333,2.773333333,1.831300232,,,,,,,,,,,,,,,,,,,,,,,,,,,,,,,,
11/15/1999,2.2580676,4.477019213,1.616666667,#N/A,2.346666667,2.786757169,2.665057798,4.627570319,4.045065138,3.639073895,3.345278029,3.620044192,3.620044192,3.04,2.2,2.2,2.2,2.175569562,,,,,,,,,,,,,,,,,,,,,,,,,,,,,,,,
2/15/2000,1.556771912,3.774906888,1.433333333,#N/A,2.373333333,2.865990384,2.657115996,4.592679696,3.200084509,3.774339741,4.124818389,4.125955545,4.143012884,2.266666667,2.266666667,2.266666667,2.266666667,2.641448949,,,,,,,,,,,,,,,,,,,,,,,,,,,,,,,,
5/15/2000,2.356259756,4.749602616,1.383333333,#N/A,2.553333333,2.925479194,2.866254934,4.807564547,3.940744926,3.876911905,4.586586169,4.616921312,4.700062076,2.4,2.4,2.4,2.4,2.522511831,,,,,,,,,,,,,,,,,,,,,,,,,,,,,,,,
8/15/2000,1.465638147,3.999366381,1,#N/A,2.4,2.865734789,2.819210426,4.832717757,3.179786199,3.950221431,4.528905958,4.431977574,4.3874128,2.4,2.4,2.4,2.4,1.872276105,,,,,,,,,,,,,,,,,,,,,,,,,,,,,,,,
11/15/2000,1.133099375,3.790435033,1.39,#N/A,2.58,2.964968004,2.810065582,5.067274461,2.989635906,3.948353307,3.868745641,2.430407903,2.424956113,2.466666667,2.466666667,2.466666667,2.466666667,2.090951358,,,,,,,,,,,,,,,,,,,,,,,,,,,,,,,,
2/15/2001,-0.06745902,2.484232506,0.913333333,#N/A,1.893333333,2.507779548,2.408525233,4.02171811,1.782555969,3.280820494,2.000043221,1.833643083,1.815274236,1.933333333,1.933333333,1.933333333,1.933333333,2.178743088,,,,,,,,,,,,,,,,,,,,,,,,,,,,,,,,
5/15/2001,-0.263978848,2.370120726,0.77,#N/A,1.54,2.130079903,1.943436356,3.732909625,1.555121996,2.820396435,1.085394734,0.942710358,-0.332874564,1.466666667,1.466666667,1.466666667,1.466666667,1.202512264,,,,,,,,,,,,,,,,,,,,,,,,,,,,,,,,
8/15/2001,-1.422631358,1.219305778,0.093333333,#N/A,0.653333333,1.315191802,1.198413056,2.797348589,0.441027627,1.841039105,-1.275650518,-1.451237571,-1.518933785,0.866666667,0.866666667,0.866666667,0.733333333,0.495767978,,,,,,,,,,,,,,,,,,,,,,,,,,,,,,,,
11/15/2001,-1.857932317,0.952161661,-1.13,#N/A,-0.7,-0.095862375,-0.272535902,1.70363915,0.337357891,0.959321758,-2.294848129,-0.888983186,-0.826393677,-0.8,-0.8,-0.8,-0.8,-0.341339606,,,,,,,,,,,,,,,,,,,,,,,,,,,,,,,,
2/15/2002,-1.715632162,1.122092956,-1.42,#N/A,-1.12,-0.115862375,-0.225560277,1.45669501,0.217328713,0.420583585,-0.155840327,-0.216912887,-0.08739694,-0.8,-0.8,-0.8,-0.8,-0.708692629,,,,,,,,,,,,,,,,,,,,,,,,,,,,,,,,
5/15/2002,-1.752682965,1.011334421,-1.576666667,#N/A,-1.406666667,-0.334584401,-0.421962626,1.123598927,0.173192463,0.28350843,-0.548490988,-0.530481895,-0.831995946,-1.4,-1.4,-1.4,-1.4,-0.80621086,,,,,,,,,,,,,,,,,,,,,,,,,,,,,,,,
8/15/2002,-1.97690163,0.806957797,-1.266666667,#N/A,-1.226666667,-0.354584401,-0.384948943,1.304153095,0.020369434,0.288864904,-0.729957629,-0.532785166,-0.516004531,-1.066666667,-1.066666667,-1.066666667,-1.066666667,-0.700522643,,,,,,,,,,,,,,,,,,,,,,,,,,,,,,,,
11/15/2002,-2.45483087,0.274342459,-1.583333333,#N/A,-1.513333333,-0.533562021,-0.452398105,0.881572684,-0.552663095,-0.202075091,-0.980484094,-0.81064466,-1.198916304,-1.4,-1.4,-1.4,-1.4,-1.19163376,,,,,,,,,,,,,,,,,,,,,,,,,,,,,,,,
2/15/2003,-2.549665601,-0.029868371,-1.633333333,#N/A,-1.533333333,-0.871517261,-0.852880095,0.531024809,-0.898505108,-0.595582069,-1.487582858,-1.416451038,-1.528818696,-1.133333333,-1.133333333,-1.133333333,-1.133333333,-1.279594166,,,,,,,,,,,,,,,,,,,,,,,,,,,,,,,,
5/15/2003,-2.28150383,0.334545127,-2.216666667,#N/A,-2.086666667,-1.129983692,-1.108969464,0.3585208,-0.719533845,-0.864457154,-1.628921288,-1.450774019,-1.709724505,-1.933333333,-1.933333333,-1.933333333,-1.933333333,-1.497829687,,,,,,,,,,,,,,,,,,,,,,,,,,,,,,,,
8/15/2003,-1.26044493,1.55675759,-2.266666667,#N/A,-2.106666667,-1.229472502,-1.157266976,0.58771782,0.475351061,-0.658128856,-0.747644616,-0.504508155,-0.504508155,-1.866666667,-1.866666667,-1.866666667,-1.866666667,-1.979804841,,,,,,,,,,,,,,,,,,,,,,,,,,,,,,,,
11/15/2003,-0.737340004,1.936191979,-1.666666667,#N/A,-1.526666667,-0.971261666,-0.796288138,1.048030839,0.806259214,-0.23433297,-1.29933817,-1.279778914,-1.271396376,-1.333333333,-1.333333333,-1.333333333,-1.333333333,-1.659017333,,,,,,,,,,,,,,,,,,,,,,,,,,,,,,,,
2/15/2004,-0.795489737,1.566379979,-1.4,#N/A,-1.28,-0.752795236,-0.616354592,1.10577369,0.310996532,-0.206216634,-1.081515154,-1.01315918,-1.141557564,-0.866666667,-0.866666667,-0.866666667,-0.866666667,-1.468990855,,,,,,,,,,,,,,,,,,,,,,,,,,,,,,,,
5/15/2004,-0.659169048,1.701813095,-1.2,#N/A,-1.1,-0.534328806,-0.321132883,1.243236493,0.405418031,-0.107172604,-1.202786127,-1.263285442,-1.25528759,-0.8,-0.8,-0.8,-0.8,-1.276599245,,,,,,,,,,,,,,,,,,,,,,,,,,,,,,,,
8/15/2004,-0.373982607,1.931774528,-0.866666667,#N/A,-0.786666667,-0.315862375,-0.204047249,1.563118197,0.431274854,0.01874576,-1.11303937,-1.055797345,-1.043985499,-0.466666667,-0.466666667,-0.466666667,-0.466666667,-1.082055857,,,,,,,,,,,,,,,,,,,,,,,,,,,,,,,,
11/15/2004,-0.013389493,2.172760383,-0.866666667,#N/A,-0.806666667,-0.375606781,-0.475478867,1.541875326,0.64910961,0.091450155,-1.515532186,-1.357608169,-1.348635213,-0.466666667,-0.466666667,-0.466666667,-0.466666667,-1.018900668,,,,,,,,,,,,,,,,,,,,,,,,,,,,,,,,
2/15/2005,0.451973419,2.537740935,-0.6,#N/A,-0.56,-0.037907135,-0.032591729,1.748222453,1.021403079,0.40307995,-1.370180109,-1.27580773,-1.209925125,-0.133333333,-0.133333333,-0.133333333,-0.133333333,-0.953985687,,,,,,,,,,,,,,,,,,,,,,,,,,,,,,,,
5/15/2005,0.318093926,2.099468797,-0.2,#N/A,-0.18,0.180559295,0.122030899,1.835810214,0.446136995,0.413139805,-1.158771346,-1.189068874,-1.625208474,0.2,0.2,0.2,0.2,-0.220792205,,,,,,,,,,,,,,,,,,,,,,,,,,,,,,,,
8/15/2005,0.49644672,2.270121438,0.066666667,#N/A,0.066666667,0.240048105,0.247553934,2.194451321,0.504258353,0.535028847,-1.483052712,-1.369513365,-1.402959064,0.4,0.4,0.4,0.4,0.047253185,,,,,,,,,,,,,,,,,,,,,,,,,,,,,,,,
11/15/2005,0.474715518,2.331028459,0.041666667,#N/A,0.066666667,0.518258941,0.494315319,2.511731767,0.587480969,0.912550572,-1.49422566,-1.370583748,-1.364445497,0.533333333,0.533333333,0.533333333,0.533333333,-0.003323046,,,,,,,,,,,,,,,,,,,,,,,,,,,,,,,,
2/15/2006,1.252425742,3.075208909,0.483333333,#N/A,0.513333333,0.895702991,0.897724946,3.057181087,1.196723789,1.431509893,-0.971025842,-0.855303228,-0.777864787,0.933333333,0.933333333,0.933333333,0.933333333,0.534441357,,,,,,,,,,,,,,,,,,,,,,,,,,,,,,,,
5/15/2006,0.942813193,2.692127352,0.658333333,#N/A,0.693333333,0.994936207,1.144391714,3.356087274,1.00239854,1.974210007,-0.954531251,-0.810220439,-0.892895994,1.133333333,1.133333333,0.733333333,0.733333333,0.740602663,,,,,,,,,,,,,,,,,,,,,,,,,,,,,,,,
8/15/2006,0.56543801,2.211658645,0.633333333,#N/A,0.673333333,0.895447397,0.981429183,3.376372688,0.392726495,1.772897405,-1.278818755,-1.126845696,-1.187289526,0.6,0.6,0.6,0.6,0.815433123,,,,,,,,,,,,,,,,,,,,,,,,,,,,,,,,
11/15/2006,0.910789755,2.52439246,0.883333333,#N/A,1.053333333,1.153658232,1.272741401,3.784202637,0.662553679,1.861403964,-0.156578458,-0.460219556,-0.403989723,1.066666667,1.066666667,1.066666667,1.066666667,1.425973156,,,,,,,,,,,,,,,,,,,,,,,,,,,,,,,,
2/15/2007,0.710053736,2.248279605,0.6,#N/A,0.88,1.034169422,1.245876058,3.602124299,0.628995284,1.81019668,-0.776665664,-0.926156622,-0.916706044,1,1,1,1,1.42617795,,,,,,,,,,,,,,,,,,,,,,,,,,,,,,,,
5/15/2007,0.857728064,2.132531017,0.45,#N/A,0.86,0.894936207,0.991962139,3.371571347,0.357646191,1.291491648,-1.812240301,-1.812240301,-1.812240301,1,1,0.6,0.6,0.909560942,,,,,,,,,,,,,,,,,,,,,,,,,,,,,,,,
8/15/2007,0.967873628,1.952754907,-0.033333333,#N/A,0.506666667,0.676214181,0.788959952,2.856578874,0.298340216,0.736442149,-1.554294909,-1.312216,-1.315601719,0.333333333,0.333333333,0.333333333,0.2,0.663426125,,,,,,,,,,,,,,,,,,,,,,,,,,,,,,,,
11/15/2007,1.091822618,1.47688255,-0.125,#N/A,0.22,0.457492156,0.806880744,1.899077661,-0.071511219,-0.009415232,-1.101004455,-1.103545234,-1.115402205,-0.066666667,-0.066666667,-0.066666667,-0.066666667,0.620107741,,,,,,,,,,,,,,,,,,,,,,,,,,,,,,,,
2/15/2008,0.200174346,-0.076705682,-0.35,#N/A,-0.2,-0.15867392,0.071968473,0.789626348,-1.654485424,-1.177967688,-1.639468371,-1.565444145,-1.551144011,-0.266666667,-0.266666667,-0.266666667,-0.266666667,0.778996263,,,,,,,,,,,,,,,,,,,,,,,,,,,,,,,,
5/15/2008,0.310304472,-0.468214418,-0.841666667,#N/A,-0.866666667,-0.834328806,-0.716673816,-0.376595463,-2.176987434,-2.463085373,-1.756497812,-1.423158749,-1.483534946,-1.066666667,-1.066666667,-1.066666667,-1.066666667,0.353657862,,,,,,,,,,,,,,,,,,,,,,,,,,,,,,,,
8/15/2008,-0.65167099,-1.796575295,-2,#N/A,-2.22,-2.245382983,-2.171915391,-1.94925965,-3.427534957,-3.694279568,-2.176816239,-2.241085737,-2.240251068,-2.333333333,-2.333333333,-2.333333333,-2.533333333,-0.549286872,,,,,,,,,,,,,,,,,,,,,,,,,,,,,,,,
11/15/2008,-3.217130023,-4.396239142,-3.733333333,#N/A,-3.973333333,-4.530814071,-4.442988032,-3.447056418,-5.912012174,-5.524817907,-3.662669014,-4.280588685,-4.234045241,-4.133333333,-4.133333333,-4.133333333,-4.133333333,-1.78411874,,,,,,,,,,,,,,,,,,,,,,,,,,,,,,,,
2/15/2009,-4.702498151,-5.80122531,-6.533333333,-6.733333333,-6.773333333,-7.27317802,-7.399550465,-5.753000898,-7.137435932,-7.636313962,-6.311416295,-6.205673905,-6.149498261,-6.533333333,-6.533333333,-6.533333333,-6.533333333,-3.872012838,,,,,,,,,,,,,,,,,,,,,,,,,,,,,,,,
5/15/2009,-5.195184326,-6.186726913,-8.6,-8.8,-8.86,-8.843209817,-9.017383633,-7.242384855,-7.383823748,-8.750063135,-6.902859293,-6.902137184,-5.956077993,-8.933333333,-8.933333333,-8.933333333,-8.933333333,-5.105466694,,,,,,,,,,,,,,,,,,,,,,,,,,,,,,,,
8/15/2009,-5.162884101,-6.229397584,-9.266666667,-9.366666667,-9.546666667,-9.220909463,-9.199938445,-7.846320102,-7.363874255,-9.279266274,-5.589401176,-5.761333801,-5.886837364,-9.666666667,-9.666666667,-9.666666667,-9.666666667,-6.138336332,,,,,,,,,,,,,,,,,,,,,,,,,,,,,,,,
11/15/2009,-4.455049303,-5.682293267,-9.476666667,-9.7,-10.14666667,-9.856819944,-9.705147563,-8.237824751,-6.861809031,-9.266751462,-6.065907387,-6.022349959,-6.105180478,-10.46666667,-10.06666667,-10.06666667,-10.06666667,-7.159081256,,,,,,,,,,,,,,,,,,,,,,,,,,,,,,,,
2/15/2010,-4.283619064,-5.79320982,-8.886666667,-9.455555556,-9.966666667,-9.598609108,-9.452702055,-8.106578769,-7.10909357,-9.193467735,-5.734300548,-5.780527701,-5.84880165,-9.4,-9.4,-9.4,-9.4,-6.99443391,,,,,,,,,,,,,,,,,,,,,,,,,,,,,,,,
5/15/2010,-3.675395984,-5.448598598,-8.096666667,-8.977777778,-9.586666667,-9.459631488,-9.131232135,-7.949719738,-6.85478039,-9.000206353,-5.650327358,-6.34229808,-6.318158582,-9.4,-9.4,-9.4,-9.4,-6.698329744,,,,,,,,,,,,,,,,,,,,,,,,,,,,,,,,
8/15/2010,-3.265095824,-4.825196581,-7.373333333,-8.458333333,-9.253333333,-9.260909463,-8.971207189,-7.050104946,-6.370246011,-8.334376772,-6.209242782,-6.09112642,-6.0833463,-9.133333333,-9.133333333,-9.133333333,-9.133333333,-6.724427788,,,,,,,,,,,,,,,,,,,,,,,,,,,,,,,,
11/15/2010,-3.109368833,-4.518215248,-7.33,-8.058333333,-9.34,-9.400142678,-9.185188088,-6.776653363,-5.932305826,-7.822171124,-5.721149443,-5.242455598,-5.167330508,-9.266666667,-8.866666667,-8.866666667,-8.866666667,-7.165341669,,,,,,,,,,,,,,,,,,,,,,,,,,,,,,,,
2/15/2011,-3.70108041,-5.392099609,-6.286666667,-7.1,-8.426666667,-8.625254577,-8.440950972,-6.516816252,-6.663307906,-7.539179294,-5.215716976,-5.193852578,-5.176925301,-7.4,-7.4,-7.4,-7.4,-6.874646291,,,,,,,,,,,,,,,,,,,,,,,,,,,,,,,,
5/15/2011,-3.419669202,-4.994522479,-6.243333333,-7.333333333,-8.513333333,-8.645254577,-8.49080178,-6.538949534,-6.233164328,-7.418359016,-5.334449119,-6.91642449,-6.837102865,-7.8,-7.8,-7.8,-7.8,-6.918769886,,,,,,,,,,,,,,,,,,,,,,,,,,,,,,,,
8/15/2011,-3.839637983,-5.148223636,-6,-7.04,-8.4,-8.784487792,-8.51359059,-6.303288092,-6.261421436,-7.139292868,-6.722272286,-6.827056744,-6.870367654,-7.8,-7.8,-7.8,-7.733333333,-6.830503832,,,,,,,,,,,,,,,,,,,,,,,,,,,,,,,,
11/15/2011,-3.154712973,-4.310418419,-5.266666667,-6.093333333,-7.686666667,-8.089088501,-7.857683926,-5.547151559,-5.496154173,-6.498368938,-6.696233065,-5.473165582,-5.479500264,-7,-6.4,-6.4,-6.4,-6.275661467,,,,,,,,,,,,,,,,,,,,,,,,,,,,,,,,
2/15/2012,-2.7656324,-3.595577542,-4.533333333,-5.333333333,-6.973333333,-7.353944805,-6.984587967,-4.52782705,-4.693126734,-5.295909459,-5.381106214,-5.460992411,-5.458189386,-5.533333333,-5.533333333,-5.533333333,-5.533333333,-6.319980525,,,,,,,,,,,,,,,,,,,,,,,,,,,,,,,,
5/15/2012,-2.735550941,-3.288564125,-4.4,-5.2,-6.86,-7.17522278,-6.907551127,-4.096980036,-4.429919134,-4.780119059,-5.514133564,-5.902062392,-6.013055573,-5.333333333,-5.333333333,-5.693333333,-5.693333333,-6.162802748,,,,,,,,,,,,,,,,,,,,,,,,,,,,,,,,
8/15/2012,-2.984516576,-3.352699302,-4.066666667,-4.866666667,-6.546666667,-7.155478375,-7.10257365,-3.848058763,-4.397712452,-4.581512572,-5.929088598,-5.777786989,-5.678301,-5.413333333,-5.413333333,-5.413333333,-5.346666667,-6.003917686,,,,,,,,,,,,,,,,,,,,,,,,,,,,,,,,
11/15/2012,-3.301334362,-3.530831654,-3.6,-4.4,-6.1,-6.817778729,-6.718006433,-3.456836055,-4.624272207,-4.173910112,-6.092341567,-5.850235085,-5.79094682,-4.866666667,-4.866666667,-4.666666667,-4.666666667,-5.510235239,,,,,,,,,,,,,,,,,,,,,,,,,,,,,,,,
2/15/2013,-2.891264781,-2.909976737,-3.466666667,-4.266666667,-5.986666667,-6.639056704,-6.529933151,-3.313443388,-3.993602913,-4.009688397,-5.620190955,-5.646960306,-5.787670998,-4.466666667,-4.466666667,-4.466666667,-4.466666667,-5.748989788,,,,,,,,,,,,,,,,,,,,,,,,,,,,,,,,
5/15/2013,-3.188635798,-3.031426226,-3.066666667,-3.866666667,-5.606666667,-6.420590273,-6.171386626,-3.074174339,-4.108996607,-3.812576056,-5.811624602,-5.617213275,-5.62503788,-4.133333333,-4.133333333,-4.133333333,-4.133333333,-5.587439617,,,,,,,,,,,,,,,,,,,,,,,,,,,,,,,,
8/15/2013,-2.857919319,-2.51157304,-2.466666667,-3.4,-5.006666667,-5.943657413,-5.538835991,-2.774719256,-3.404255987,-3.371962791,-5.384704652,-5.211533992,-5.089895085,-3.6,-3.6,-3.6,-3.466666667,-5.280271385,,,,,,,,,,,,,,,,,,,,,,,,,,,,,,,,
11/15/2013,-2.60763111,-2.019437947,-2.116666667,-2.866666667,-4.426666667,-5.526468957,-4.837973511,-2.25010404,-2.816367104,-2.827443192,-4.767187111,-4.018674699,-3.962048193,-2.933333333,-2.933333333,-2.933333333,-2.933333333,-5.520031187,,,,,,,,,,,,,,,,,,,,,,,,,,,,,,,,
2/15/2014,-3.389286399,-2.839826188,-1.833333333,-2.466666667,-3.913333333,-4.791325261,-4.283927068,-2.151148042,-3.657740722,-2.876607333,-4.342975058,-4.605113193,-5.07720178,-2.333333333,-2.333333333,-2.333333333,-2.333333333,-4.895042786,,,,,,,,,,,,,,,,,,,,,,,,,,,,,,,,
5/15/2014,-2.596033498,-1.938127429,-1.15,-1.666666667,-3,-4.294647995,-3.934877107,-1.403023585,-2.824254565,-2.231840992,-4.564894847,-4.026330159,-3.929722237,-1.466666667,-1.466666667,-1.466666667,-1.466666667,-4.5385004,,,,,,,,,,,,,,,,,,,,,,,,,,,,,,,,
8/15/2014,-1.916514846,-1.04670616,-1.133333333,-1.433333333,-2.733333333,-3.976692755,-3.629410075,-1.005777419,-2.046853284,-1.822828864,-3.48919896,-3.408527294,-3.160536616,-1.133333333,-1.133333333,-1.133333333,-1.133333333,-4.235852884,,,,,,,,,,,,,,,,,,,,,,,,,,,,,,,,
11/15/2014,-1.932526472,-0.960719541,-0.65,-0.7,-2.02,-3.321037869,-3.133256714,-0.41443378,-1.960374924,-1.265404063,-1.861500511,-1.969195596,-1.963179111,-0.4,-0.6,-0.6,-0.6,-3.679094066,,,,,,,,,,,,,,,,,,,,,,,,,,,,,,,,
2/15/2015,-1.591358655,-0.447218817,-0.566666667,-0.7,-1.706666667,-2.903849413,-2.652306739,0.092515918,-1.592923449,-0.901998098,-2.306212814,-2.550075795,-2.408671216,-0.353333333,-0.353333333,-0.353333333,-0.353333333,-3.654911609,,,,,,,,,,,,,,,,,,,,,,,,,,,,,,,,
5/15/2015,-1.475443395,-0.242606973,-0.616666667,-0.666666667,-1.506666667,-2.585894173,-2.222222786,0.226617052,-1.248288901,-0.529080852,-2.265736645,-3.137701669,-3.082518943,-0.04,-0.04,-0.68,-0.68,-3.283322482,,,,,,,,,,,,,,,,,,,,,,,,,,,,,,,,
8/15/2015,-1.604559645,-0.382479883,-0.2,-0.066666667,-0.86,-1.930239287,-1.482217719,0.690386703,-1.406931203,-0.323099544,-3.144772989,-3.005346646,-3.02779665,-0.213333333,-0.213333333,-0.213333333,-0.213333333,-3.32150473,,,,,,,,,,,,,,,,,,,,,,,,,,,,,,,,
11/15/2015,-1.897297826,-0.746630531,-0.166666667,-0.166666667,-0.746666667,-1.632284046,-1.199349083,0.504059177,-1.749171985,-0.607618595,-2.183315189,-2.107166866,-2.014956006,0.1,-0.28,-0.28,-0.28,-2.956448378,,,,,,,,,,,,,,,,,,,,,,,,,,,,,,,,
2/15/2016,-1.748584986,-0.650873361,1.77636E-15,-0.066666667,-0.48,-1.393817616,-1.002768572,0.598495068,-1.576960342,-0.486455381,-2.257951724,-2.184464581,-2.128205432,-0.166666667,-0.166666667,-0.166666667,-0.166666667,-2.17661868,,,,,,,,,,,,,,,,,,,,,,,,,,,,,,,,
5/15/2016,-1.872338482,-0.852380542,-0.166666667,-0.166666667,-0.566666667,-1.493306426,-1.05316699,0.153893494,-1.485372513,-0.697031629,-2.394483675,-1.933070167,-1.856274561,-0.053333333,-0.053333333,-0.253333333,-0.253333333,-2.207604094,,,,,,,,,,,,,,,,,,,,,,,,,,,,,,,,
8/15/2016,-1.695730173,-0.752368617,-0.2,-0.1,-0.52,-1.354328806,-0.974084149,0.050853627,-1.435486992,-0.842351011,-1.526882101,-1.465524052,-1.38039396,-0.386666667,-0.386666667,-0.386666667,-0.32,-1.970349764,,,,,,,,,,,,,,,,,,,,,,,,,,,,,,,,
11/15/2016,-1.615312604,-0.632441158,-0.083333333,0.166666667,-0.253333333,-1.07611797,-0.658017704,0.328817976,-1.325641037,-0.737578993,-0.920139851,-0.924591266,-0.870071753,0.08,0.08,0.08,0.08,-1.986048489,,,,,,,,,,,,,,,,,,,,,,,,,,,,,,,,
2/15/2017,-1.559765499,-0.75121305,0.166666667,0.566666667,0.126666667,-0.61918511,-0.285413924,0.447344012,-1.415182375,-0.639171705,-1.08554548,-0.972673135,-0.70270477,0.146666667,0.146666667,0.146666667,0.146666667,-1.214139385,,,,,,,,,,,,,,,,,,,,,,,,,,,,,,,,
5/15/2017,-1.414777533,-0.722961296,0.416666667,0.7,0.506666667,-0.082763439,0.365698581,0.683068435,-1.417312499,-0.567798456,-0.524128473,-0.411165838,-0.405019764,0.746666667,0.746666667,0.746666667,0.746666667,-0.909141503,,,,,,,,,,,,,,,,,,,,,,,,,,,,,,,,
8/15/2017,-1.125428742,-0.411458026,0.333333333,0.633333333,0.553333333,-0.023274629,0.356255364,0.838622495,-1.178684203,-0.576508718,-0.063287337,0.011195076,-0.022816249,0.88,0.88,0.88,0.88,-0.604935592,,,,,,,,,,,,,,,,,,,,,,,,,,,,,,,,
11/15/2017,-0.625859744,-0.022382652,0.566666667,0.833333333,0.866666667,0.433658232,1.013211707,1.013640203,-0.754504904,-0.352525184,0.207622434,0.203178423,0.289012814,1.28,1.28,1.28,1.28,-0.768673873,,,,,,,,,,,,,,,,,,,,,,,,,,,,,,,,
2/15/2018,-0.312658435,0.203712513,0.733333333,0.966666667,1.133333333,0.513147042,1.137918964,1.21795581,-0.531980658,-0.075211682,-0.146852062,-0.18190381,-0.227127055,1.04,1.04,1.04,1.04,-0.188023782,,,,,,,,,,,,,,,,,,,,,,,,,,,,,,,,
5/15/2018,0.05574174,0.480488867,0.833333333,1.066666667,1.313333333,0.691869067,1.391553573,1.358404613,-0.224767734,0.079887229,0.377100955,0.324805283,0.308446265,1.44,1.44,1.44,1.44,0.111497081,,,,,,,,,,,,,,,,,,,,,,,,,,,,,,,,
8/15/2018,0.062106592,0.401387384,1.066666667,1.366666667,1.626666667,1.109057523,1.704190377,1.632974408,-0.529095409,0.118211415,0.676110245,0.676935216,0.583471199,1.573333333,1.573333333,1.573333333,1.62,0.142539067,,,,,,,,,,,,,,,,,,,,,,,,,,,,,,,,
11/15/2018,-0.193944246,0.163233235,0.833333333,1.1,1.473333333,0.969824308,1.436462534,1.50581729,-0.641143496,0.163506495,0.702448857,0.598576146,0.598576146,1.62,1.62,1.62,1.62,0.505139789,,,,,,,,,,,,,,,,,,,,,,,,,,,,,,,,
2/15/2019,-0.081803232,0.345482327,0.666666667,0.9,1.386666667,0.989568713,1.487706439,1.56542973,-0.567299207,0.100925638,0.846376162,0.820733086,0.835743537,1.466666667,1.466666667,1.466666667,1.466666667,0.932610637,,,,,,,,,,,,,,,,,,,,,,,,,,,,,,,,
5/15/2019,0.219963263,0.473758033,1.1,1.266666667,1.9,1.287523953,2.057401175,1.789854305,-0.283628111,0.50226314,0.529937444,0.834973894,0.828814503,1.933333333,1.873333333,1.873333333,1.873333333,0.891443968,,,,,,,,,,,,,,,,,,,,,,,,,,,,,,,,
8/15/2019,0.416305452,0.466182209,0.933333333,1.066666667,1.813333333,1.585479194,2.262110349,1.140532835,-0.23661328,0.081762224,0.781689807,0.831878846,0.82687998,1.873333333,1.873333333,1.873333333,1.633333333,1.381317015,,,,,,,,,,,,,,,,,,,,,,,,,,,,,,,,
11/15/2019,0.397588494,0.16006707,1,1.033333333,1.84,1.664712409,2.26724179,0.632329827,-0.563347535,-0.081772829,0.627579202,0.639113294,0.639113294,1.833333333,1.833333333,1.833333333,1.833333333,1.722650433,,,,,,,,,,,,,,,,,,,,,,,,,,,,,,,,
2/15/2020,-1.390401747,-1.694962849,0.6,0.633333333,1.42,0.849824308,1.397569277,-0.151630801,-2.130150192,-0.340657672,-1.092443847,-1.161072217,-0.724721305,1.213333333,1.213333333,1.213333333,1.133333333,1.34046404,,,,,,,,,,,,,,,,,,,,,,,,,,,,,,,,
5/15/2020,-10.621258854,-7.317410661,-17.733333333,-17.650000000,-16.933333333,-14.829471285,-14.582621417,-7.569349345,-8.810458734,-7.851738251,-10.561887201,-10.164926747,-10.059285135,-17.286666667,-17.286666667,-17.286666667,-17.286666667,-14.177687103,,,,,,,,,,,,,,,,,,,,,,,,,,,,,,,,
8/15/2020,-4.291058615,-2.478876889,-9.466666667,-9.433333333,-8.686666667,-7.496756349,-7.248640649,-5.262157576,-3.409196787,-5.818761517,-3.718394711,-3.720897081,-3.653441873,-8.906666667,-8.906666667,-8.906666667,-8.840000000,-7.764476273,,,,,,,,,,,,,,,,,,,,,,,,,,,,,,,,
11/15/2020,-3.659112814,-1.999688146,-5.333333333,-5.333333333,-4.573333333,-4.416692755,-4.427674988,-2.100668113,-2.905856055,-3.334967961,-3.265007057,-3.246582398,-3.192374654,-4.793333333,-4.573333333,-4.573333333,-4.573333333,-5.085920575,,,,,,,,,,,,,,,,,,,,,,,,,,,,,,,,
2/15/2021,-2.632954980,-0.846176044,-4.200000000,-4.266666667,-3.460000000,-3.284105008,-3.244679858,-0.770906933,-1.591477495,-1.780574240,-2.129089156,-2.126545932,-2.632954980,-3.393333333,-3.393333333,-3.393333333,-3.393333333,-4.541524039,,,,,,,,,,,,,,,,,,,,,,,,,,,,,,,,
5/15/2021,-1.512209544,0.179067857,-3.600000000,-3.700000000,-2.880000000,-2.231006072,-1.740748235,-0.302826674,-0.198746767,-0.396026000,-1.563740899,-1.551414867,-1.512209544,-2.946666667,-2.946666667,-2.946666667,-2.946666667,-3.797263605,,,,,,,,,,,,,,,,,,,,,,,,,,,,,,,,
8/15/2021,-1.442248808,-0.213646166,-2.000000000,-2.100000000,-1.280000000,-0.760463084,-0.247635177,0.498206067,-0.783781970,0.377690353,-1.511556858,-1.490290853,-1.442248808,-1.346666667,-1.346666667,-1.346666667,-1.280000000,-2.506762251,,,,,,,,,,,,,,,,,,,,,,,,,,,,,,,,
11/15/2021,-0.301934770,0.928769997,-0.266666667,-0.433333333,0.433333333,0.531102283,0.811321053,1.918517248,0.492683149,1.755812681,-0.303585810,-0.280380652,-0.301934770,0.433333333,0.433333333,0.433333333,0.433333333,-1.094662216,,,,,,,,,,,,,,,,,,,,,,,,,,,,,,,,
2/15/2022,-1.179723609,-0.128013999,0.600000000,0.200000000,1.300000000,1.325990384,1.654144435,2.160825943,-0.158265592,2.194126210,-1.179723609,-1.179723609,-1.179723609,1.300000000,1.300000000,1.300000000,1.300000000,0.331023174,,,,,,,,,,,,,,,,,,,,,,,,,,,,,,,,
5/15/2022,-1.237964562,-0.374150382,1.093173488,0.593173488,1.773173488,1.699262268,2.028286717,2.037117352,-0.374150382,2.037117352,-1.237964562,-1.237964562,-1.237964562,1.773173488,1.773173488,1.773173488,1.773173488,0.907897638,,,,,,,,,,,,,,,,,,,,,,,,,,,,,,,,
,,,,,,,,,,,,,,,,,,,,,,,,,,,,,,,,,,,,,,,,,,,,,,,,,,
,,,,,,,,,,,,,,,,,,,,,,,,,,,,,,,,,,,,,,,,,,,,,,,,,,
,,,,,,,,,,,,,,,,,,,,,,,,,,,,,,,,,,,,,,,,,,,,,,,,,,
,,,,,,,,,,,,,,,,,,,,,,,,,,,,,,,,,,,,,,,,,,,,,,,,,,
,,,,,,,,,,,,,,,,,,,,,,,,,,,,,,,,,,,,,,,,,,,,,,,,,,
,,,,,,,,,,,,,,,,,,,,,,,,,,,,,,,,,,,,,,,,,,,,,,,,,,
,,,,,,,,,,,,,,,,,,,,,,,,,,,,,,,,,,,,,,,,,,,,,,,,,,
,,,,,,,,,,,,,,,,,,,,,,,,,,,,,,,,,,,,,,,,,,,,,,,,,,
,,,,,,,,,,,,,,,,,,,,,,,,,,,,,,,,,,,,,,,,,,,,,,,,,,
,,,,,,,,,,,,,,,,,,,,,,,,,,,,,,,,,,,,,,,,,,,,,,,,,,
,,,,,,,,,,,,,,,,,,,,,,,,,,,,,,,,,,,,,,,,,,,,,,,,,,
,,,,,,,,,,,,,,,,,,,,,,,,,,,,,,,,,,,,,,,,,,,,,,,,,,
,,,,,,,,,,,,,,,,,,,,,,,,,,,,,,,,,,,,,,,,,,,,,,,,,,
,,,,,,,,,,,,,,,,,,,,,,,,,,,,,,,,,,,,,,,,,,,,,,,,,,
,,,,,,,,,,,,,,,,,,,,,,,,,,,,,,,,,,,,,,,,,,,,,,,,,,
,,,,,,,,,,,,,,,,,,,,,,,,,,,,,,,,,,,,,,,,,,,,,,,,,,
,,,,,,,,,,,,,,,,,,,,,,,,,,,,,,,,,,,,,,,,,,,,,,,,,,
,,,,,,,,,,,,,,,,,,,,,,,,,,,,,,,,,,,,,,,,,,,,,,,,,,
,,,,,,,,,,,,,,,,,,,,,,,,,,,,,,,,,,,,,,,,,,,,,,,,,,
,,,,,,,,,,,,,,,,,,,,,,,,,,,,,,,,,,,,,,,,,,,,,,,,,,
,,,,,,,,,,,,,,,,,,,,,,,,,,,,,,,,,,,,,,,,,,,,,,,,,,
,,,,,,,,,,,,,,,,,,,,,,,,,,,,,,,,,,,,,,,,,,,,,,,,,,
,,,,,,,,,,,,,,,,,,,,,,,,,,,,,,,,,,,,,,,,,,,,,,,,,,
,,,,,,,,,,,,,,,,,,,,,,,,,,,,,,,,,,,,,,,,,,,,,,,,,,
,,,,,,,,,,,,,,,,,,,,,,,,,,,,,,,,,,,,,,,,,,,,,,,,,,
,,,,,,,,,,,,,,,,,,,,,,,,,,,,,,,,,,,,,,,,,,,,,,,,,,
,,,,,,,,,,,,,,,,,,,,,,,,,,,,,,,,,,,,,,,,,,,,,,,,,,
,,,,,,,,,,,,,,,,,,,,,,,,,,,,,,,,,,,,,,,,,,,,,,,,,,
,,,,,,,,,,,,,,,,,,,,,,,,,,,,,,,,,,,,,,,,,,,,,,,,,,
,,,,,,,,,,,,,,,,,,,,,,,,,,,,,,,,,,,,,,,,,,,,,,,,,,
,,,,,,,,,,,,,,,,,,,,,,,,,,,,,,,,,,,,,,,,,,,,,,,,,,
,,,,,,,,,,,,,,,,,,,,,,,,,,,,,,,,,,,,,,,,,,,,,,,,,,
,,,,,,,,,,,,,,,,,,,,,,,,,,,,,,,,,,,,,,,,,,,,,,,,,,
